{"cameraMode":{"drawMode":0,"name":"Shaded","section":"Shading Mode"},"sceneLighting":false,"audioPlay":false,"sceneViewState":{"showFog":false,"showMaterialUpdate":false,"showSkybox":false,"showFlares":false,"showImageEffects":false,"showParticleSystems":false},"in2DMode":false,"pivot":{"x":15.393524169921875,"y":12.903072357177735,"z":5.8682708740234379},"rotation":{"x":0.3810158669948578,"y":-0.005543184000998735,"z":0.0022970903664827348,"w":0.9245582818984985},"size":266.907958984375,"orthographic":true}